Time,Kappa_L1,Alpha_L1,Gamma_L1,Fx_L1,Fy_L1,Fz_L1,Mx_L1,Mz_L1
            0, -0.0011014736956, 0.20111772418, 0.148498013616, 61.9425926208, -12.7095575333, 5092.75683594, -4.36895799637, -0.514416337013
        0.001, -0.00151937850751, 0.200609087944, 0.147747009993, 56.5367012024, -16.790512085, 5092.67871094, -4.3161239624, -0.336937069893
        0.002, -0.00190444639884, 0.200435310602, 0.147526606917, 49.4099388123, -20.8181304932, 5092.59082031, -4.2796254158, -0.165289357305
        0.003, -0.00225410982966, 0.200267791748, 0.147309854627,  40.979133606, -24.7623023987, 5092.50927734, -4.24385976791, 0.00300290505402
        0.004, -0.00256400834769, 0.200106278062, 0.147096693516, 31.4527797699, -28.6250076294, 5092.43505859, -4.20881223679, 0.168039083481
        0.005, -0.00283068604767, 0.199950441718, 0.146886974573, 21.0486049652, -32.4081001282, 5092.36914062, -4.17446470261, 0.32990282774
        0.006, -0.00305160391144, 0.199799895287, 0.146680548787, 9.98912620544, -36.1133232117,     5092.3125, -4.14080095291, 0.488663166761
        0.007, -0.00322513631545, 0.199654251337, 0.146477296948, -1.5024317503, -39.7423286438, 5092.26660156, -4.10780572891, 0.64437609911
        0.008, -0.00335055799223, 0.199513107538, 0.146277099848, -13.2060575485, -43.2966766357, 5092.23193359, -4.07546424866, 0.797086417675
        0.009, -0.00342801236548, 0.199376046658, 0.146079868078, -24.9086380005, -46.7778396606, 5092.20849609, -4.04376268387, 0.946829795837
         0.01, -0.00345847057179, 0.199242651463, 0.14588548243, -36.4073524475, -50.1872215271, 5092.19677734, -4.01268720627, 1.09363472462
        0.011, -0.00344367534854, 0.199112534523, 0.145693868399, -47.5127258301, -53.5261535645, 5092.19677734, -3.98222589493, 1.23752462864
        0.012, -0.00338607584126, 0.198985308409, 0.145504966378, -58.051322937, -56.7959213257, 5092.20849609, -3.9523665905, 1.37851965427
        0.013, -0.0032887540292, 0.198860600591, 0.145318686962, -67.868019104, -59.997756958, 5092.23193359, -3.92309761047, 1.51663827896
        0.014, -0.00315534207039, 0.198738098145, 0.145134985447, -76.8278274536, -63.1328468323, 5092.26611328, -3.89440774918, 1.65189909935
        0.015, -0.00298993499018, 0.198617473245, 0.144953817129, -84.8173522949, -66.2023544312, 5092.31054688, -3.86628651619, 1.78432095051
        0.016, -0.00279699917883, 0.198498472571, 0.144775122404, -91.7457046509, -69.2074203491, 5092.36474609, -3.83872318268, 1.91392481327
        0.017, -0.00258127949201, 0.198380842805, 0.144598871469, -97.5450668335, -72.1491622925, 5092.42724609, -3.81170797348, 2.04073357582
        0.018, -0.0023477030918, 0.198264405131, 0.144425019622, -102.170768738, -75.0286712646, 5092.49755859, -3.7852306366, 2.16477322578
        0.019, -0.00210128864273, 0.198148995638, 0.144253581762, -105.601020813, -77.8470535278, 5092.57470703, -3.75928139687, 2.28607225418
         0.02, -0.00184705352876, 0.198034480214, 0.144084483385, -107.836227417, -80.6053924561, 5092.65722656, -3.73385071754, 2.40466213226
        0.021, -0.00158992840443, 0.197920799255, 0.143917739391, -108.897941589, -83.3047714233, 5092.74414062, -3.70892930031, 2.52057766914
        0.022, -0.00133467488922, 0.197807908058, 0.14375333488, -108.827545166, -85.9462890625, 5092.83447266, -3.68450760841, 2.63385725021
        0.023, -0.0010858111782, 0.197695806623, 0.143591240048, -107.684661865, -88.531036377, 5092.92626953, -3.66057610512, 2.74454164505
        0.024, -0.000847543240525, 0.197584494948, 0.143431454897, -105.545227051, -91.0601043701, 5093.01953125, -3.63712573051, 2.85267567635
        0.025, -0.00062370597152, 0.197474047542, 0.143273964524, -102.499504089, -93.534614563, 5093.11181641, -3.61414718628, 2.95830726624
        0.026, -0.000417712202761, 0.197364553809, 0.14311876893, -98.6498565674, -95.9556732178,   5093.203125, -3.59163093567, 3.06148815155
        0.027, -0.000232511229115, 0.197256103158, 0.142965838313, -94.1083908081, -98.3244094849, 5093.29248047, -3.56956768036, 3.16227293015
        0.028, -7.05573766027e-05, 0.197148829699, 0.142815172672, -88.9945907593, -100.641952515, 5093.37792969, -3.54794836044, 3.26072025299
        0.029, 6.62115053274e-05, 0.197042882442, 0.142666757107, -83.4329147339, -102.909446716, 5093.45996094, -3.5267636776, 3.35689210892
         0.03, 0.000176385830855,  0.1969383955, 0.142520561814, -77.5503387451, -105.128036499, 5093.53662109, -3.50600385666, 3.45085406303
        0.031, 0.00025908605312, 0.196835547686, 0.142376601696, -71.4740600586, -107.298873901, 5093.60839844, -3.4856595993, 3.54267406464
        0.032, 0.000313955155434, 0.19673448801, 0.142234817147, -65.329208374, -109.423110962, 5093.67382812, -3.46572184563, 3.63242292404
        0.033, 0.000341142120305, 0.196635395288, 0.142095223069, -59.2367401123, -111.50189209, 5093.73339844, -3.44618105888, 3.72017407417
        0.034, 0.00034127724939, 0.19653840363, 0.141957759857, -53.3114929199, -113.536354065, 5093.78613281, -3.42702794075, 3.80600166321
        0.035, 0.000315439800033, 0.196443662047, 0.141822427511, -47.6604156494, -115.527633667, 5093.83251953, -3.4082531929,   3.889980793
        0.036, 0.000265119306277, 0.196351334453, 0.141689166427, -42.3810081482, -117.476837158, 5093.87207031, -3.38984775543, 3.97218632698
        0.037, 0.000192171020899, 0.196261510253, 0.141557961702, -37.5600357056, -119.385063171, 5093.90527344, -3.37180280685, 4.05269241333
        0.038, 9.87670064205e-05, 0.196174308658, 0.141428783536, -33.2724533081, -121.253372192, 5093.93164062, -3.35410928726,  4.1315703392
        0.039, -1.26564827951e-05, 0.196089833975, 0.141301572323, -29.5806007385, -123.082809448, 5093.95214844, -3.33675861359, 4.20888900757
         0.04, -0.000139453797601, 0.196008145809, 0.14117628336, -26.5336647034, -124.87437439, 5093.96728516, -3.3197426796, 4.28471422195
        0.041, -0.000278826133581, 0.195929288864, 0.141052901745, -24.1673908234, -126.629043579, 5093.97705078, -3.30305314064, 4.35910606384
        0.042, -0.000427877879702, 0.195853292942, 0.140931352973, -22.5040473938, -128.347732544, 5093.98193359, -3.28668236732, 4.43212032318
        0.043, -0.000583672313951, 0.195780158043, 0.140811622143, -21.5526294708, -130.031356812, 5093.98291016, -3.27062273026,  4.5038061142
        0.044, -0.000743285461795, 0.195709899068, 0.140693634748, -21.3092937469, -131.680725098, 5093.98046875, -3.25486707687, 4.57420825958
        0.045, -0.000903857173398, 0.195642441511, 0.140577375889, -21.7579956055, -133.296661377, 5093.97509766, -3.23940873146,  4.6433634758
        0.046, -0.00106263929047, 0.195577770472, 0.140462785959, -22.8713245392, -134.879928589, 5093.96728516, -3.2242410183, 4.71130466461
        0.047, -0.00121703871991, 0.195515796542, 0.140349805355, -24.6114826202, -136.431228638, 5093.95800781, -3.20935773849, 4.77805662155
        0.048, -0.00136465730611, 0.195456445217, 0.140238419175, -26.931427002, -137.95123291, 5093.94824219, -3.19475293159, 4.84363985062
        0.049, -0.00150332448538, 0.195399582386, 0.140128567815, -29.7761058807, -139.440597534,     5093.9375, -3.18042135239,  4.9080696106
         0.05, -0.00163112650625, 0.195345118642, 0.140020221472, -33.0837974548, -140.899887085, 5093.92773438, -3.16635775566, 4.97135639191
        0.051, -0.0017464280827, 0.195292934775, 0.139913335443, -36.7874908447, -142.329696655, 5093.91845703, -3.15255665779, 5.03350687027
        0.052, -0.00184788939077, 0.195242866874, 0.139807865024, -40.816318512, -143.730545044, 5093.91064453, -3.13901376724, 5.09452533722
        0.053, -0.00193447608035, 0.195194780827, 0.139703795314, -45.0969657898, -145.102935791, 5093.90527344, -3.12572431564, 5.15441274643
        0.054, -0.00200546439737, 0.195148557425, 0.139601066709, -49.5550956726, -146.447357178, 5093.90185547, -3.11268401146,  5.2131690979
        0.055, -0.00206043943763, 0.195104002953, 0.139499664307, -54.1167030334, -147.764282227, 5093.90087891, -3.09988856316, 5.27079200745
        0.056, -0.00209928909317, 0.195061013103, 0.139399543405, -58.7093963623, -149.054138184, 5093.90332031, -3.08733391762, 5.32728052139
        0.057, -0.00212219217792, 0.19501940906, 0.139300689101, -63.2636260986, -150.317367554, 5093.90917969, -3.07501649857, 5.38263320923
        0.058, -0.00212960201316, 0.194979056716, 0.139203071594, -67.7137756348, -151.554397583, 5093.91796875, -3.06293201447, 5.43684959412
        0.059, -0.00212222686969, 0.194939821959, 0.139106675982, -71.9991455078, -152.765640259, 5093.93066406, -3.05107712746, 5.48992919922
         0.06, -0.00210100505501, 0.194901570678, 0.139011457562, -76.0648040771, -153.951507568, 5093.94628906, -3.03944754601, 5.54187440872
        0.061, -0.00206707813777, 0.194864198565, 0.138917416334, -79.8623046875, -155.112411499, 5093.96630859, -3.02804017067, 5.59268951416
        0.062, -0.0020217616111, 0.194827586412, 0.138824522495, -83.3502349854, -156.248779297, 5093.98925781, -3.01685094833, 5.64237928391
        0.063, -0.00196651439182, 0.19479162991, 0.138732761145, -86.4946365356, -157.360992432,   5094.015625, -3.00587654114, 5.69095230103
        0.064, -0.00190290552564, 0.194756254554, 0.138642132282, -89.2692718506, -158.449493408, 5094.04541016, -2.99511289597, 5.73841810226
        0.065, -0.00183258217294, 0.194721400738, 0.138552591205, -91.6557388306, -159.514678955,   5094.078125, -2.98455667496, 5.78478908539
        0.066, -0.00175723654684, 0.194686979055, 0.138464152813, -93.6434249878, -160.557006836, 5094.11376953, -2.97420406342, 5.83007955551
        0.067, -0.00167857401539, 0.194652959704, 0.138376787305, -95.2293548584, -161.576873779, 5094.15185547, -2.96405148506,  5.8743057251
        0.068, -0.00159828236792, 0.194619327784, 0.138290509582, -96.4178848267, -162.574737549, 5094.19238281, -2.95409536362, 5.91748714447
        0.069, -0.00151800247841, 0.194586038589, 0.13820527494, -97.2203063965, -163.551025391, 5094.23486328, -2.94433140755, 5.95964336395
         0.07, -0.0014393015299, 0.194553092122, 0.13812109828, -97.6543197632, -164.506210327, 5094.27880859, -2.93475651741, 6.00079774857
        0.071, -0.00136364856735, 0.194520503283, 0.138037964702, -97.7434387207, -165.440719604, 5094.32421875, -2.92536640167, 6.04097414017
        0.072, -0.00129239249509, 0.194488272071, 0.137955874205, -97.5163040161, -166.355010986, 5094.37109375, -2.91615772247,  6.0801987648
        0.073, -0.00122674403246, 0.194456443191, 0.137874811888, -97.0059356689, -167.249572754, 5094.41845703, -2.9071264267, 6.11849880219
        0.074, -0.00116776011419, 0.194425031543, 0.13779476285, -96.2489700317, -168.124832153, 5094.46679688, -2.89826869965, 6.15590238571
        0.075, -0.00111633201595, 0.194394081831, 0.137715727091, -95.284828186, -168.981292725,   5094.515625, -2.88958096504, 6.19244003296
        0.076, -0.0010731772054, 0.194363638759, 0.137637704611, -94.1549072266, -169.819396973, 5094.56445312, -2.88105916977, 6.22814226151
        0.077, -0.00103883387055, 0.19433376193, 0.137560680509, -92.9017410278, -170.639602661, 5094.61376953, -2.87269973755, 6.26303958893
        0.078, -0.00101366033778, 0.19430449605, 0.137484639883, -91.5681838989, -171.442398071, 5094.66259766, -2.86449885368, 6.29716396332
        0.079, -0.000997835537419, 0.194275900722, 0.137409582734, -90.1966705322, -172.228210449, 5094.71142578, -2.85645294189, 6.33054733276
         0.08, -0.000991365173832, 0.194248020649, 0.137335494161, -88.8284378052, -172.997512817, 5094.76025391, -2.84855818748, 6.36322021484
        0.081, -0.000994088244624, 0.194220915437, 0.137262374163, -87.5028915405, -173.750732422, 5094.80908203, -2.84081125259, 6.39521455765
        0.082, -0.00100568810012, 0.19419464469, 0.137190207839, -86.2569274902, -174.488296509, 5094.85791016, -2.83320856094, 6.42655992508
        0.083, -0.00102570478339, 0.194169253111, 0.137118980289, -85.1244506836, -175.210662842,    5094.90625, -2.82574677467, 6.45728540421
        0.084, -0.00105354958214, 0.194144785404, 0.137048691511, -84.1358718872, -175.918197632, 5094.95507812, -2.8184223175, 6.48741912842
        0.085, -0.00108852155972, 0.194121271372, 0.136979311705, -83.3177108765, -176.611328125, 5095.00390625, -2.81123256683, 6.51698637009
        0.086, -0.00112982466817, 0.194098755717, 0.13691085577, -82.6923294067, -177.290420532, 5095.05273438, -2.80417394638, 6.54601287842
        0.087, -0.00117658649106, 0.194077268243, 0.136843293905, -82.2777175903, -177.955841064, 5095.10253906, -2.79724383354, 6.57451963425
        0.088, -0.00122787698638, 0.194056808949, 0.136776611209, -82.0873336792, -178.607940674, 5095.15283203, -2.79043912888, 6.60252809525
        0.089, -0.00128272746224, 0.194037422538, 0.136710807681, -82.1301040649, -179.247055054, 5095.20458984, -2.7837574482, 6.63005590439
         0.09, -0.00134015001822, 0.194019109011, 0.136645883322, -82.4104614258, -179.87348938, 5095.25732422, -2.7771961689, 6.65711927414
        0.091, -0.00139915547334, 0.194001838565, 0.136581793427, -82.9284591675, -180.487564087, 5095.31152344, -2.77075266838, 6.68373155594
        0.092, -0.00145877117757, 0.193985641003, 0.136518567801, -83.6799621582, -181.089538574,  5095.3671875, -2.76442503929, 6.70990371704
        0.093, -0.00151805765927, 0.193970501423, 0.136456146836, -84.6569137573, -181.679702759, 5095.42529297, -2.75821065903, 6.73564624786
        0.094, -0.00157612364274, 0.193956375122, 0.136394575238, -85.8476715088, -182.258270264, 5095.48583984, -2.75210809708, 6.76096582413
        0.095, -0.0016321396688, 0.193943247199, 0.136333793402, -87.2373352051, -182.825515747, 5095.54882812, -2.74611496925, 6.78586864471
        0.096, -0.00168535031844, 0.193931102753, 0.136273816228, -88.8082046509, -183.381622314, 5095.61425781, -2.74022960663, 6.81035757065
        0.097, -0.00173508399166, 0.193919882178, 0.136214643717, -90.5401687622, -183.926834106, 5095.68359375, -2.73445057869, 6.83443641663
        0.098, -0.00178076117299, 0.193909555674, 0.136156246066, -92.4112243652, -184.461334229, 5095.75585938, -2.72877597809, 6.85810565948
        0.099, -0.00182190048508, 0.193900078535, 0.136098623276, -94.3979110718, -184.985290527, 5095.83154297, -2.72320437431,  6.8813662529
          0.1, -0.00185812287964, 0.19389142096, 0.136041775346, -96.4757995605, -185.498916626, 5095.91113281, -2.71773433685, 6.90421819687
        0.101, -0.00188915373292, 0.193883508444, 0.135985687375, -98.6199951172, -186.002349854, 5095.99462891, -2.7123644352, 6.92666006088
        0.102, -0.00191482284572, 0.193876311183, 0.135930359364, -100.805557251, -186.495773315, 5096.08203125, -2.70709347725, 6.94869184494
        0.103, -0.0019350630464, 0.193869769573, 0.13587577641, -103.007972717,  -186.9793396, 5096.17382812, -2.70192027092, 6.97031164169
        0.104, -0.00194990634918, 0.193863838911, 0.135821938515, -105.203575134, -187.453216553, 5096.27001953, -2.6968433857,  6.9915189743
        0.105, -0.0019594791811, 0.193858474493, 0.135768860579, -107.369903564, -187.917541504, 5096.37060547, -2.69186162949, 7.01231336594
        0.106, -0.00196399609558, 0.193853631616, 0.135716497898, -109.486053467, -188.372467041, 5096.47558594, -2.6869738102, 7.03269481659
        0.107, -0.00196375069208, 0.193849265575, 0.135664895177, -111.532989502, -188.818161011, 5096.58496094, -2.68217897415,  7.0526638031
        0.108, -0.00195910874754, 0.193845331669, 0.135614022613, -113.493766785, -189.254745483, 5096.69873047, -2.67747545242, 7.07222175598
        0.109, -0.00195049692411, 0.193841785192, 0.135563880205, -115.353790283, -189.682388306, 5096.81738281, -2.67286276817, 7.09137058258
         0.11, -0.00193839240819, 0.193838596344, 0.135514467955, -117.100891113, -190.101257324, 5096.93994141, -2.66833901405, 7.11011314392
        0.111, -0.00192331336439, 0.193835750222, 0.135465800762, -118.725494385, -190.511474609, 5097.06738281, -2.66390347481,  7.1284532547
        0.112, -0.00190580647904, 0.193833217025, 0.135417848825, -120.22064209, -190.913223267, 5097.19921875, -2.65955495834, 7.14639520645
        0.113, -0.00188643659931, 0.193830952048, 0.135370641947, -121.582000732, -191.306655884, 5097.33496094, -2.65529203415, 7.16394519806
        0.114, -0.0018657760229, 0.193828955293, 0.135324180126, -122.807815552, -191.691925049, 5097.47558594, -2.65111351013, 7.18110895157
        0.115, -0.00184439343866, 0.193827211857, 0.135278433561, -123.89881897, -192.069213867, 5097.61962891, -2.6470181942, 7.19789409637
        0.116, -0.0018228442641, 0.193825721741, 0.135233446956, -124.858108521, -192.438674927, 5097.76806641, -2.64300489426, 7.21430826187
        0.117, -0.00180166133214, 0.193824455142, 0.135189190507, -125.690994263, -192.800476074, 5097.91992188, -2.63907241821, 7.23036050797
        0.118, -0.00178134639282, 0.193823441863, 0.135145664215, -126.404777527, -193.154800415, 5098.07617188, -2.63521933556, 7.24605989456
        0.119, -0.0017623626627, 0.193822652102, 0.135102897882, -127.008552551, -193.501815796, 5098.23535156, -2.63144445419, 7.26141643524
         0.12, -0.00174512818921, 0.193822130561, 0.135060876608, -127.512931824, -193.841690063, 5098.39892578, -2.62774634361, 7.27644062042
        0.121, -0.00173001049552, 0.193821847439, 0.13501958549, -127.929824829, -194.174606323, 5098.56542969, -2.62412405014, 7.29114341736
        0.122, -0.0017173223896, 0.193821817636, 0.134979069233, -128.272140503, -194.500732422, 5098.73535156, -2.62057590485,  7.3055357933
        0.123, -0.00170731858816, 0.193822085857, 0.134939298034, -128.553527832, -194.820251465, 5098.90869141, -2.61710095406, 7.31962966919
        0.124, -0.00170019420329, 0.193822622299, 0.134900271893, -128.78805542, -195.133331299, 5099.08496094, -2.61369800568, 7.33343601227
        0.125, -0.00169608381111, 0.193823471665, 0.134862005711, -128.990020752, -195.440139771, 5099.26464844, -2.61036539078, 7.34696674347
        0.126, -0.00169506145176, 0.193824648857, 0.134824514389, -129.173583984, -195.740844727, 5099.44726562, -2.60710215569, 7.36023283005
        0.127, -0.00169714249205, 0.193826153874, 0.134787768126, -129.352615356, -196.035629272, 5099.63330078, -2.60390710831, 7.37324523926
        0.128, -0.0017022859538, 0.19382801652, 0.134751781821, -129.540390015, -196.324630737, 5099.82177734, -2.60077905655, 7.38601589203
        0.129, -0.00171039730776, 0.193830236793, 0.134716570377, -129.749435425, -196.608032227, 5100.01367188, -2.59771704674, 7.39855480194
         0.13, -0.00172133301385, 0.193832844496, 0.134682118893, -129.991256714, -196.885971069, 5100.20800781, -2.59471940994, 7.41087150574
        0.131, -0.00173490552697, 0.193835839629, 0.134648442268, -130.276275635, -197.158599854, 5100.40576172, -2.59178566933, 7.42297649384
        0.132, -0.00175088772085, 0.193839237094, 0.134615525603, -130.613632202, -197.426055908, 5100.60595703, -2.5889146328,  7.4348783493
        0.133, -0.00176901952364, 0.193843051791, 0.134583383799, -131.011108398, -197.68850708, 5100.80957031, -2.58610510826, 7.44658517838
        0.134, -0.00178901373874, 0.193847283721, 0.134552001953, -131.474975586, -197.946044922, 5101.01611328, -2.58335638046, 7.45810413361
        0.135, -0.00181056244764, 0.193851932883, 0.134521394968, -132.010101318, -198.198822021, 5101.22558594, -2.58066749573, 7.46944332123
        0.136, -0.00183334329631, 0.193857014179, 0.134491562843, -132.619735718, -198.44694519, 5101.43798828, -2.57803750038, 7.48060750961
        0.137, -0.00185702589806, 0.193862512708, 0.134462490678, -133.30569458, -198.690551758, 5101.65380859, -2.57546567917, 7.49160289764
        0.138, -0.0018812782364, 0.193868428469, 0.134434193373, -134.068283081, -198.929718018, 5101.87255859, -2.57295131683, 7.50243425369
        0.139, -0.00190577236935, 0.193874761462, 0.134406685829, -134.906402588, -199.16456604, 5102.09423828, -2.5704934597, 7.51310491562
         0.14, -0.00193019036669, 0.193881511688, 0.134379938245, -135.817611694, -199.395187378, 5102.31933594, -2.56809186935, 7.52361822128
        0.141, -0.00195422931574, 0.193888664246, 0.134353965521, -136.798248291, -199.621673584, 5102.54785156, -2.56574559212, 7.53397750854
        0.142, -0.00197760597803, 0.193896189332, 0.134328767657, -137.843521118, -199.844100952, 5102.77929688, -2.56345391273, 7.54418420792
        0.143, -0.00200006132945, 0.193904101849, 0.134304344654, -138.94770813, -200.062561035, 5103.01464844, -2.56121659279, 7.55423974991
        0.144, -0.0020213634707, 0.193912371993, 0.134280696511, -140.104202271, -200.277114868, 5103.25292969, -2.55903315544, 7.56414604187
        0.145, -0.00204131100327, 0.193920984864, 0.134257823229, -141.305755615, -200.487869263, 5103.49462891, -2.55690288544,  7.5739030838
        0.146, -0.00205973465927, 0.193929925561, 0.134235724807, -142.544570923, -200.694854736, 5103.74023438, -2.55482530594, 7.58351182938
        0.147, -0.0020764998626, 0.193939164281, 0.134214416146, -143.812530518, -200.898147583, 5103.98876953, -2.55279994011, 7.59297180176
        0.148, -0.00209150649607, 0.193948701024, 0.134193882346, -145.101287842, -201.097824097, 5104.24072266, -2.55082654953, 7.60228347778
        0.149, -0.00210468913428, 0.193958491087, 0.134174123406, -146.40246582, -201.293914795, 5104.49658203, -2.54890465736, 7.61144685745
         0.15, -0.00211601797491, 0.19396853447, 0.134155154228, -147.707794189, -201.48651123, 5104.75537109, -2.54703378677, 7.62046194077
        0.151, -0.00212549604475, 0.193978816271, 0.13413695991, -149.009231567, -201.67565918, 5105.01806641, -2.54521369934, 7.62932825089
        0.152, -0.00213315826841, 0.193989291787, 0.134119555354, -150.299163818, -201.861404419, 5105.28369141, -2.54344391823, 7.63804578781
        0.153, -0.00213907030411, 0.193999961019, 0.134102925658, -151.570419312, -202.043792725, 5105.55273438, -2.54172420502, 7.64661502838
        0.154, -0.00214332458563, 0.194010794163, 0.134087100625, -152.816467285, -202.222915649, 5105.82519531, -2.54005384445, 7.65503644943
        0.155, -0.00214603799395, 0.19402179122, 0.134072050452, -154.031433105, -202.398788452, 5106.10107422, -2.53843283653, 7.66331005096
        0.156, -0.00214734859765, 0.194032922387, 0.134057804942, -155.210220337, -202.571502686, 5106.38037109,  -2.536860466, 7.67143678665
        0.157, -0.0021474128589, 0.194044172764, 0.134044349194, -156.348526001, -202.741073608, 5106.66210938, -2.53533673286, 7.67941761017
        0.158, -0.00214640120976, 0.194055527449, 0.134031683207, -157.442932129, -202.907592773, 5106.94726562, -2.53386092186, 7.68725395203
        0.159, -0.00214449432679, 0.19406697154, 0.134019821882, -158.490890503, -203.071090698, 5107.23535156, -2.53243279457, 7.69494771957
         0.16, -0.00214188033715, 0.194078505039, 0.134008750319, -159.49067688, -203.231643677, 5107.52636719, -2.53105211258, 7.70249986649
        0.161, -0.00213874992914, 0.194090113044, 0.133998483419, -160.441513062, -203.389297485,  5107.8203125, -2.52971816063, 7.70991373062
        0.162, -0.00213529355824, 0.194101780653, 0.133989021182, -161.343383789, -203.544113159,  5108.1171875, -2.52843046188, 7.71719074249
        0.163, 0.0232762806118, 0.194113314152, 0.133980363607, -162.197158813, -203.696136475, 5108.41601562, -2.52718901634, 7.72433376312
        0.164, 0.0713838264346, 0.194598868489, -0.00887846760452, 0.712304651737, -194.010772705, 5493.34716797, 1.83577740192, 8.85782146454
        0.165, 0.0687001720071, 0.192585006356, -0.133752509952, 401.257354736, -183.96647644, 6122.62011719, 6.46611022949, 10.3020133972
        0.166, 0.0633349344134, 0.221728801727, 0.134257644415, 737.935791016, -218.813018799, 6736.46826172, -3.19440364838, 9.95531845093
        0.167, 0.0549856424332, 0.239316776395, 0.135255306959, 1051.57080078, -225.647918701, 7354.37304688, -3.45716643333, 10.7257661819
        0.168, 0.0439381413162, 0.259346216917, 0.136800915003, 1317.01037598, -232.058380127, 7888.10986328, -3.70607995987, 11.3433160782
        0.169, 0.0307534318417, 0.28163638711, 0.139071300626, 1519.57165527, -238.284667969, 8335.33496094, -3.95204520226, 11.8752193451
         0.17, 0.0168846268207, 0.305194944143, 0.142205193639, 1617.08630371, -242.635040283, 8619.50390625, -4.19155454636, 11.9642181396
        0.171, 0.000719716656022, 0.329759001732, 0.146327510476, 1637.91418457, -247.646057129, 8896.99902344, -4.47802448273, 12.1467247009
        0.172, -0.0152013348415, 0.353810548782, 0.151406109333, 1578.87792969, -252.609848022, 9030.59277344, -4.75059604645, 12.4875001907
        0.173, -0.0334449186921, 0.376110345125, 0.157473132014, 1438.67163086, -257.96572876, 9081.35351562, -5.03153419495,  13.006986618
        0.174, -0.0476581975818, 0.396922945976, 0.164520189166, 1197.91223145, -263.509368896, 9025.36914062, -5.30286884308, 13.6946249008
        0.175, -0.0523872300982, 0.329269737005, -0.41733238101, 932.052856445, -168.82472229, 8937.52148438,  24.177696228, 17.6531620026
        0.176, -0.0559074729681, 0.349912494421, -0.410308361053, 651.183105469, -172.596679688, 8840.72851562,   23.59815979, 18.1606864929
        0.177, -0.0581980608404, 0.377370297909, -0.340820789337, 362.660583496, -187.302703857, 8735.65136719, 19.9255943298, 18.2068328857
        0.178, -0.143141001463, 0.436053007841, 0.20192463696, -241.751449585, -287.111450195, 8912.35449219, -6.89649343491, 15.8651685715
        0.179, -0.140241861343, 0.44582092762, 0.212503686547, -945.582092285, -299.287597656, 9307.77539062, -7.61852264404, 16.1152591705
         0.18, -0.135040432215, 0.456254720688, 0.223925426602, -1605.10205078, -310.949890137, 9657.06152344, -8.39125061035, 15.7537660599
        0.181, -0.125863730907, 0.468814224005, 0.236469581723, -2189.38647461, -321.554016113, 9902.62890625, -9.1845703125, 14.9885149002
        0.182, -0.114114291966, 0.482024729252, 0.250188857317, -2684.41772461, -331.772399902, 10113.3378906, -10.0480031967, 14.1067218781
        0.183, -0.100264839828, 0.495633125305, 0.265096008778, -3085.03613281, -341.687591553, 10288.4648438, -10.978140831,  13.286605835
        0.184, -0.0844254717231, 0.509857833385, 0.281070291996, -3390.09545898, -351.360534668, 10426.9628906, -11.9615030289, 12.6362104416
        0.185, -0.0661032050848, 0.523531913757, 0.298486113548, -3617.87768555, -361.90032959,  10615.953125, -13.1058979034, 12.1976356506
        0.186, -0.047980800271, 0.537695288658, 0.317212551832, -3751.20874023, -371.55078125, 10668.9873047, -14.1997919083, 11.9866256714
        0.187, -0.0269623268396, 0.551930725574,  0.3371707201, -3810.39892578, -381.980987549, 10747.6015625, -15.4063034058, 12.0278091431
        0.188, -0.00721142441034, 0.565636694431, 0.358593374491, -3784.45703125, -391.829040527, 10707.8710938, -16.5486488342, 12.3184833527
        0.189, 0.0158342402428, 0.580128610134, 0.381295651197, -3680.31079102, -402.190856934, 10663.3779297, -17.7466907501, 12.8910160065
         0.19, 0.0414881147444, 0.59660589695, 0.405358582735, -3478.83496094, -412.21762085, 10537.4716797, -18.8786449432, 13.7833557129
        0.191, 0.0621490292251,  0.6096996665, 0.430747538805, -3152.8972168, -421.530792236, 10307.2490234, -19.8696155548,  15.061712265
        0.192, 0.07175385952, 0.612573385239, 0.457369416952, -2772.35668945, -430.273406982, 10044.7646484, -20.8126296997, 16.4521408081
        0.193, 0.0798032879829, 0.612497210503, 0.485107690096, -2346.04736328, -438.492004395, 9772.93554688, -21.7309532166, 17.8618679047
        0.194, 0.0861290246248, 0.609632909298, 0.513867735863, -1882.30004883, -446.058868408, 9492.82324219, -22.6133403778, 19.1625976562
        0.195, 0.0906070545316, 0.604196667671, 0.543558061123, -1392.92150879, -452.896789551, 9205.51855469, -23.4488449097, 20.2019691467
        0.196, 0.093162484467, 0.596424221992, 0.574081659317, -892.461975098, -458.980407715, 8912.13378906, -24.2265148163, 20.8412914276
        0.197, 0.093779347837, 0.586559295654, 0.60533285141, -396.764221191, -464.332397461, 8613.80175781, -24.9355792999, 21.0009403229
        0.198, 0.0925036296248, 0.574841558933, 0.63719534874, 70.9710159302, -467.398132324,   8311.671875, -25.5857143402, 20.4912433624
        0.199, 0.0895168185234, 0.561776399612, 0.669811785221, 486.985809326, -465.750244141, 8006.91113281, -26.2081565857, 19.1202297211
          0.2, 0.0849991962314, 0.547392129898, 0.702863037586, 860.679870605, -463.219238281, 7700.69384766, -26.7366790771, 17.5015525818
        0.201, 0.0791285261512, 0.531822443008, 0.736142158508, 1184.85632324, -459.860992432, 7394.16308594, -27.161447525, 15.7750787735
        0.202, 0.0721133798361, 0.515261352062, 0.769506573677, 1455.34802246, -455.76184082, 7088.44238281, -27.4774303436,  14.057803154
        0.203, 0.0641760826111, 0.497893482447, 0.802812755108, 1670.79309082, -451.019592285, 6784.62695312, -27.6814117432, 12.4365491867
        0.204, 0.0555425919592, 0.47989359498, 0.835917115211,  1832.1463623, -445.738983154, 6483.77832031, -27.7720603943, 10.9676809311
        0.205, 0.0464343167841, 0.461425602436, 0.868677139282, 1942.06555176, -440.027923584, 6186.91699219, -27.7499313354, 9.68112182617
        0.206, 0.0370615050197, 0.442641556263, 0.900952041149, 2004.30407715, -433.993621826, 5895.02050781, -27.6174144745, 8.58640193939
        0.207, 0.0276175644249, 0.423680990934, 0.932603478432, 2023.18432617, -427.739776611, 5609.01660156, -27.3786430359, 7.67891359329
        0.208, 0.018276643008, 0.404660195112,  0.9634963274, 2003.19018555, -421.363830566, 5329.78417969, -27.0393695831, 6.94523715973
        0.209, 0.00919309537858, 0.385685265064, 0.993499875069, 1948.68713379, -414.954315186, 5058.15039062, -26.6068325043,  6.3670797348
         0.21, -0.00865570921451, 0.356950879097, 1.02249908447, 1843.15307617, -407.918640137, 4771.89208984, -25.9696578979, 5.93896341324
        0.211, -0.0219277050346, 0.327644973993, 1.05043876171, 1677.74780273, -398.908843994, 4434.52441406, -24.9267597198, 5.57401990891
        0.212, -0.0323328301311, 0.296122610569, 1.07720673084, 1473.45385742, -388.319549561, 4063.51733398, -23.5500812531, 5.21606731415
        0.213, -0.0401565916836, 0.261702537537,  1.1025083065,  1244.5838623, -376.280059814, 3666.04248047, -21.8625621796, 4.82101821899
        0.214, -0.0455210469663, 0.229201227427,  1.1266630888, 1003.86303711, -365.444763184, 3316.08398438,  -20.30418396, 4.51817941666
        0.215, -0.048598382622, 0.186644747853, 1.14901542664, 753.401184082, -350.839508057, 2887.23339844, -18.1238498688, 4.00418996811
        0.216, -0.0498053878546, 0.145123034716, 1.17065644264, 512.465698242, -337.561248779, 2527.54711914, -16.2388324738, 3.57391738892
        0.217, -0.0468720570207, 0.0882627591491, 1.19027638435, 285.389434814, -319.343414307,   2074.078125, -13.6175298691, 2.89895009995
        0.218, -0.0421766191721, 0.0303239952773, 1.21031594276, 97.0242004395, -301.547729492, 1708.43127441, -11.4537363052, 2.32076311111
        0.219, -0.0282961502671, -0.0359198786318, 1.23055827618, -43.4780883789, -279.146820068, 1322.05859375, -9.03986358643, 1.65540957451
         0.22, -0.010718495585, -0.102324999869, 1.25051558018, -90.3885040283, -244.208602905, 807.421386719, -5.56364583969, 0.780143022537
        0.221, 0.00611844146624, -0.151264801621, 1.26668787003, -34.2010040283, -160.669265747, 251.948150635, -1.3719432354, -0.0106020579115
        0.222, 0.0150161869824, -0.162564948201,  1.2947896719,             0,             0,             0,             0,             0
        0.223, -0.0174632091075, 0.0603401511908, 1.25923955441,             0,             0,             0,             0,             0
        0.224, -0.0199867188931, 0.0983440577984, 1.25313413143,             0,             0,             0,             0,             0
        0.225, -0.0202447101474, 0.0914643257856,  1.2491736412,             0,             0,             0,             0,             0
        0.226, -0.0203336551785, 0.075573630631, 1.24317467213,             0,             0,             0,             0,             0
        0.227, -0.0204052142799, 0.0609514825046, 1.23521268368,             0,             0,             0,             0,             0
        0.228, -0.0204572286457, 0.0463632307947,  1.2253947258,             0,             0,             0,             0,             0
        0.229, -0.0204910580069, 0.0319281294942,  1.2138068676,             0,             0,             0,             0,             0
         0.23, -0.0205074306577, 0.0175394508988, 1.20052456856,             0,             0,             0,             0,             0
        0.231, -0.0205072462559, 0.00316080474295, 1.18562138081,             0,             0,             0,             0,             0
        0.232, -0.0204915311188, -0.0111991595477, 1.16917574406,             0,             0,             0,             0,             0
        0.233, -0.0204613152891, -0.0255363248289, 1.15127193928,             0,             0,             0,             0,             0
        0.234, -0.0204175971448, -0.0398543141782, 1.13199675083,             0,             0,             0,             0,             0
        0.235, -0.0203613340855, -0.0541614219546, 1.11143755913,             0,             0,             0,             0,             0
        0.236, -0.0202934332192, -0.0684691593051, 1.08968091011,             0,             0,             0,             0,             0
        0.237, -0.0202147513628, -0.0827910378575, 1.06681096554,             0,             0,             0,             0,             0
        0.238, -0.0201260857284, -0.0971416682005, 1.04290926456,             0,             0,             0,             0,             0
        0.239, -0.0200281776488, -0.111536063254, 1.01805377007,             0,             0,             0,             0,             0
         0.24, -0.0199216995388, -0.125989153981, 0.992318451405,             0,             0,             0,             0,             0
        0.241, -0.0198072716594, -0.140514701605, 0.965773522854,             0,             0,             0,             0,             0
        0.242, -0.0196854565293, -0.155125245452, 0.938485145569,             0,             0,             0,             0,             0
        0.243, -0.0195567850024, -0.169837608933, 0.910516738892,             0,             0,             0,             0,             0
        0.244, -0.0194217190146, -0.18465732038, 0.881928801537,             0,             0,             0,             0,             0
        0.245, -0.0192806553096, -0.199586048722, 0.852779090405,             0,             0,             0,             0,             0
        0.246, -0.0191339440644, -0.214622735977, 0.823122799397,             0,             0,             0,             0,             0
        0.247, -0.018981885165, -0.229763999581, 0.793012738228,             0,             0,             0,             0,             0
        0.248, -0.0188247300684, -0.245004311204, 0.762499392033,             0,             0,             0,             0,             0
        0.249, -0.0186626855284, -0.260336250067, 0.731631278992,             0,             0,             0,             0,             0
         0.25, -0.0184959173203, -0.275750786066, 0.700454711914,             0,             0,             0,             0,             0
        0.251, -0.0183245502412, -0.291237354279, 0.669014215469,             0,             0,             0,             0,             0
        0.252, -0.018148675561, -0.306780695915, 0.637352466583,             0,             0,             0,             0,             0
        0.253, -0.0179683510214, -0.322360783815, 0.605510413647,             0,             0,             0,             0,             0
        0.254, -0.0177836101502, -0.337962418795, 0.573527097702,             0,             0,             0,             0,             0
        0.255, -0.0175944585353, -0.353569805622, 0.541440069675,             0,             0,             0,             0,             0
        0.256, -0.0174008850008, -0.369166344404, 0.509285330772,             0,             0,             0,             0,             0
        0.257, -0.0172028616071, -0.384734809399, 0.477097272873,             0,             0,             0,             0,             0
        0.258, -0.0170003473759, -0.400257468224, 0.444908767939,             0,             0,             0,             0,             0
        0.259, -0.0167932938784, -0.415716141462, 0.412751346827,             0,             0,             0,             0,             0
         0.26, -0.0165816508234, -0.431092321873, 0.380655020475,             0,             0,             0,             0,             0
        0.261, -0.0203560553491, -0.442757546902, 0.346974432468, -31.2956619263, -23.7701206207, 271.905090332, -0.43245357275, -0.011125408113
        0.262, -0.0238294228911, -0.450372427702, 0.315625607967, -87.2192077637, -19.4563426971, 568.542236328, -0.99741101265, -0.0361616052687
        0.263, -0.025484835729, -0.457628250122, 0.284567385912, -142.870437622, -11.9394760132,  867.66192627, -1.42507600784, -0.100418366492
        0.264, -0.0260626152158, -0.463394224644, 0.253932833672, -202.172058105, -4.52110815048, 1168.23669434, -1.73805367947, -0.193662762642
        0.265, -0.0259780548513, -0.467088848352, 0.223849490285, -263.211090088, 3.02292656898, 1469.22619629, -1.94782292843, -0.316558420658
        0.266, -0.0254257041961, -0.46839299798, 0.194421902299, -324.230987549, 10.7851371765, 1769.61071777, -2.06095266342, -0.46977853775
        0.267, -0.0245084315538, -0.467114746571, 0.165741816163, -383.786499023, 18.7886142731, 2068.39526367, -2.08322238922, -0.653443455696
        0.268, -0.0232904646546, -0.463131785393, 0.137890428305,  -440.6121521, 27.0181407928, 2364.61303711, -2.02066040039, -0.866928994656
        0.269, -0.0218193009496, -0.45636728406, 0.110939644277, -493.573883057, 35.4343109131, 2657.32885742, -1.87979364395, -1.10878181458
         0.27, -0.0201352592558, -0.4467856884, 0.0849526003003, -541.655151367, 43.9808349609, 2945.64355469, -1.66764509678, -1.3766938448
        0.271, -0.0182758178562, -0.434387385845, 0.0599838383496, -583.957458496, 52.5890159607, 3228.69750977, -1.39163911343, -1.66752052307
        0.272, -0.0162775851786, -0.419206887484, 0.036079633981, -619.707519531,  61.180896759, 3505.67504883, -1.05947601795, -1.97733294964
        0.273, -0.0141770821065, -0.401312321424, 0.0132782561705, -648.266174316, 69.6718521118, 3775.80883789, -0.678996324539, -2.30149722099
        0.274, -0.0120109273121, -0.380805432796, -0.00838977005333, -669.138305664, 77.9729232788, 4038.38354492, -0.25804951787, -2.63503956795
        0.275, -0.00981565751135, -0.357820957899, -0.0289013367146, -681.981384277, 85.9926834106, 4292.74121094, 0.195631057024, -2.97248029709
        0.276, -0.00762736983597, -0.332526057959, -0.0482405684888, -686.612976074,   93.64012146, 4538.28515625, 0.674537420273, -3.30736804008
        0.277, -0.00548124825582, -0.305118471384, -0.0663984045386, -683.015136719, 100.826568604, 4774.48242188, 1.17148125172, -3.63339400291
        0.278, -0.00341103505343, -0.275824695826, -0.0833722725511, -671.336364746, 107.467674255, 5000.86962891, 1.67967510223, -3.94418120384
        0.279, -0.00144848308992, -0.244889721274, -0.0991657227278, -651.890136719, 113.485321045, 5217.05419922, 2.19279432297, -4.23344326019
         0.28, 0.000377186079277, -0.212545976043, -0.113787554204, -625.149353027, 118.808876038, 5422.71044922, 2.70501184464, -4.4951210022
        0.281, 0.00203979108483, -0.1790009588, -0.127250283957, -591.737792969, 123.375549316, 5617.56738281, 3.21098780632, -4.72349214554
        0.282, 0.00351665564813, -0.144432365894, -0.139568671584, -552.416992188, 127.130447388, 5801.39746094, 3.70584321022, -4.91326856613
        0.283, 0.00478900969028, -0.108984082937, -0.15075828135, -508.069671631, 130.026229858, 5974.00683594, 4.18511581421, -5.05968236923
        0.284, 0.00584231549874, -0.0727635920048, -0.160834133625, -459.680175781, 132.022598267, 6135.22167969, 4.64470529556, -5.15855741501
        0.285, 0.00666650524363, -0.0358402766287, -0.169809505343, -408.311340332, 133.085403442, 6284.87744141, 5.08081436157, -5.20635986328
        0.286, 0.00725612789392, 0.00172701338306, -0.177694767714, -355.079406738,  133.18586731, 6422.81005859, 5.48988485336, -5.20023584366
        0.287, 0.00761039787903, 0.0397284962237, -0.184498786926, -301.125579834, 132.301864624, 6548.87939453, 5.86864042282, -5.13814401627
        0.288, 0.00773312523961, 0.0777529776096, -0.190234676003, -247.58430481, 130.423812866, 6663.03417969, 6.21430301666, -5.01916980743
        0.289, 0.00763252330944, 0.115210920572, -0.194924756885, -195.551315308, 127.559844971, 6765.36572266, 6.52480983734, -4.84378576279
         0.29, 0.0073209060356, 0.151330202818, -0.198605045676, -146.052703857, 123.740242004, 6856.15576172, 6.79901695251, -4.61402893066
        0.291, 0.0068142763339, 0.185134246945, -0.20133087039, -100.015258789, 119.022735596, 6935.94140625, 7.03696727753, -4.33367776871
        0.292, 0.0061318045482, 0.215659156442, -0.20318107307, -58.2419281006, 113.495681763, 7005.54248047, 7.24007701874, -4.00826358795
        0.293, 0.00529519934207, 0.242581695318, -0.204251989722, -21.4010601044, 107.269989014, 7065.96289062, 7.41086626053, -3.6445145607
        0.294, 0.00432810978964, 0.266301780939, -0.204633533955, 9.96666145325,  100.45236969, 7118.12207031, 7.55191087723, -3.24893975258
        0.295, 0.00325565272942, 0.287263661623, -0.204402044415,  35.449546814, 93.1361465454, 7162.80810547,  7.6655049324, -2.82730960846
        0.296, 0.00210379203781, 0.306798607111, -0.203610301018, 54.7550048828, 85.3900527954, 7200.51855469, 7.75311183929, -2.38409686089
        0.297, 0.000899058533832, 0.325605392456, -0.202276438475, 67.7049560547, 77.2469329834, 7231.42138672,  7.8149023056, -1.92200016975
        0.298, -0.00033191012335, 0.34389603138, -0.200408011675, 74.2513275146, 68.7292404175, 7255.60546875, 7.85073661804, -1.44316804409
        0.299, -0.00156290165614, 0.361676067114, -0.198010534048, 74.4780807495, 59.8580551147, 7273.15527344, 7.86050367355, -0.949642181396
          0.3, -0.00276865344495, 0.378933399916, -0.195089161396, 68.5959625244, 50.6550636292, 7284.16210938, 7.84418153763, -0.443471550941
        0.301, -0.00392531557009, 0.395629793406, -0.191648930311, 56.9343109131, 41.1427383423, 7288.72363281, 7.80184459686, 0.0732547193766
        0.302, -0.00501087494195, 0.411703675985, -0.18769556284, 39.9311752319, 31.3451156616, 7286.95507812, 7.73369455338, 0.598352909088
        0.303, -0.00600553117692, 0.427076518536, -0.183236151934, 18.1212921143,  21.288394928, 7278.99267578, 7.64008903503, 1.12950861454
        0.304, -0.00689201941714, 0.44167214632, -0.178279563785, -7.87802362442, 11.0011482239, 7264.99755859, 7.52155160904, 1.66426837444
        0.305, -0.00765587436035, 0.455424338579, -0.172836273909, -37.3828392029, 0.513982594013, 7245.15136719, 7.37876033783, 2.20006608963
        0.306, -0.00828562024981, 0.46827596426, -0.16691827774, -69.659614563, -10.140794754, 7219.65722656,  7.2125377655, 2.73425960541
        0.307, -0.00877289753407, 0.480178773403, -0.160538986325, -103.942909241, -20.9295196533, 7188.73388672, 7.02383995056, 3.26417589188
        0.308, -0.00911251083016, 0.491093158722, -0.153713211417, -139.453353882, -31.8175296783,  7152.6171875, 6.81374597549, 3.78716206551
        0.309, -0.00930242240429, 0.500988006592, -0.146457061172, -175.415313721, -42.7695236206, 7111.55664062, 6.58344650269, 4.30063724518
         0.31, -0.00934366323054, 0.509840190411, -0.138787850738, -211.073944092, -53.7499160767, 7065.81445312, 6.33423233032, 4.80214262009
        0.311, -0.00924019142985, 0.517634153366, -0.130724087358, -245.710968018, -64.7232131958,  7015.6640625, 6.06748104095,  5.2893872261
        0.312, -0.00899869203568, 0.524361491203, -0.122285395861, -278.658905029, -75.6543579102, 6961.38720703, 5.78464698792, 5.76028203964
        0.313, -0.00862832646817, 0.530020654202, -0.113492459059, -309.313323975, -86.5090484619, 6903.27441406,  5.4872469902,  6.2129650116
        0.314, -0.00814044103026, 0.534616112709, -0.104366965592, -337.143096924, -97.2540588379, 6841.62353516, 5.17684841156, 6.64581727982
        0.315, -0.00754824280739, 0.53815805912, -0.0949315801263,  -361.6980896, -107.857498169, 6776.73730469, 4.85505580902, 7.05746555328
        0.316, -0.00686645368114, 0.540661931038, -0.0852098613977, -382.614654541, -118.289093018, 6708.92236328, 4.52349805832, 7.44677686691
        0.317, -0.00611094944179, 0.542148113251, -0.0752262100577, -399.618835449, -128.520355225, 6638.48925781, 4.18381547928, 7.81284761429
        0.318, -0.00529839284718, 0.542641282082, -0.0650057941675, -412.527160645, -138.524810791, 6565.75048828, 3.83764481544, 8.15498924255
        0.319, -0.00444587087259, 0.542170345783, -0.0545744858682, -421.245666504, -148.278076172, 6491.02001953, 3.48660635948, 8.47271060944
         0.32, -0.00357054057531, 0.540767848492, -0.0439587719738, -425.766937256, -157.758026123, 6414.61181641, 3.13229179382, 8.76569843292
        0.321, -0.00268929381855, 0.538469672203, -0.0331857018173, -426.165557861, -166.944854736, 6336.83789062, 2.77625179291, 9.03380966187
        0.322, -0.00181844213512, 0.535314381123, -0.0222827810794, -422.592346191, -175.821075439, 6258.00976562, 2.41998314857, 9.27705478668
        0.323, -0.000973429705482, 0.531342923641, -0.0112778842449, -415.267303467, -184.37159729, 6178.43408203,  2.0649189949, 9.49559307098
        0.324, -0.000168576851138, 0.526598393917, -0.000199167014216, -404.471832275, -192.583633423, 6098.41552734, 1.71241724491, 9.68972969055
        0.325, 0.000583141692914, 0.521125197411, 0.0109250033274, -390.539916992, -200.446533203, 6018.25244141, 1.36375284195,  9.8612537384
        0.326, 0.00127028336283, 0.514969110489, 0.0220662504435, -373.849487305, -207.951629639, 5938.23828125, 1.02010512352, 10.0094747543
        0.327, 0.00188308604993, 0.508176922798, 0.0331962518394,     -354.8125, -215.093002319, 5858.65966797, 0.682559847832, 10.1351013184
        0.328, 0.00241357716732, 0.500795602798, 0.044286776334, -333.865509033, -221.866668701, 5779.79638672, 0.352101355791, 10.2390146255
        0.329, 0.00285564246587, 0.492872387171, 0.0553098544478, -311.460113525, -228.270706177, 5701.91845703, 0.029608393088, 10.3222370148
         0.33, 0.00320505769923, 0.484454423189, 0.0662378668785, -288.053375244, -234.305084229, 5625.28857422, -0.284148216248, 10.3859348297
        0.331, 0.00345947989263, 0.475588232279, 0.0770436674356, -264.098693848, -239.971496582, 5550.15917969, -0.588505983353, 10.4314002991
        0.332, 0.00361840450205, 0.466319829226, 0.0877006947994, -240.037353516, -245.273330688, 5476.77294922, -0.882910072803, 10.4600439072
        0.333, 0.00368308601901, 0.456694215536, 0.0981830656528, -216.290344238, -250.215438843, 5405.36035156, -1.16691112518, 10.4733695984
        0.334, 0.00365642970428, 0.446755260229, 0.10846568644, -193.251358032, -254.804031372, 5336.14257812, -1.44016206264, 10.4729528427
        0.335, 0.0035428556148, 0.436545580626, 0.118524372578, -171.280471802, -259.046569824, 5269.32666016, -1.70241343975, 10.4604177475
        0.336, 0.00334813795052, 0.426106333733, 0.128335908055, -150.699066162, -262.951477051, 5205.10839844, -1.95350837708, 10.4374036789
        0.337, 0.00307922717184, 0.415477007627, 0.13787817955, -131.785675049, -266.528137207, 5143.67138672, -2.19337558746, 10.4055433273
        0.338, 0.0027440583799, 0.40469533205, 0.147130250931, -114.773094177, -269.786621094, 5085.18505859, -2.42202305794, 10.3664274216
        0.339, 0.00235135061666, 0.39379709959, 0.156072378159, -99.8465957642, -272.737579346, 5029.80615234, -2.63952922821, 10.3215875626
         0.34, 0.00191040162463, 0.382816046476, 0.164686173201, -87.1432571411, -275.392120361, 4977.67773438, -2.84603571892, 10.2724657059
        0.341, 0.00143088318873, 0.371783971786, 0.172954559326, -76.7523193359, -277.761505127,  4928.9296875, -3.04173779488, 10.2204027176
        0.342, 0.000922642182559, 0.360730618238, 0.180861905217, -68.7165145874, -279.857208252, 4883.67871094, -3.22687578201, 10.1666183472
        0.343, 0.000395509006921, 0.349683791399, 0.188393980265, -63.0342521667, -281.690704346, 4842.02685547, -3.40172672272,  10.112206459
        0.344, -0.00014088084572, 0.338669300079, 0.195538058877,  -59.66248703, -283.273345947, 4804.06445312, -3.56659579277, 10.0581254959
        0.345, -0.000677250965964, 0.327711135149, 0.202282860875, -58.5202407837, -284.616271973,  4769.8671875, -3.72180700302, 10.0052032471
        0.346, -0.00120483106002, 0.316831409931,  0.2086186409, -59.4925460815, -285.73046875, 4739.49755859, -3.86769652367, 9.95413398743
        0.347, -0.00171548477374, 0.306050568819, 0.214537143707, -62.4347686768, -286.626495361, 4713.00683594, -4.00460386276, 9.90548992157
        0.348, -0.00220181886107, 0.295387357473, 0.220031619072, -67.1771621704, -287.31463623, 4690.43115234, -4.13286542892, 9.85972595215
        0.349, -0.0026572716888, 0.284860312939, 0.225096821785, -73.5295257568, -287.804779053, 4671.79638672, -4.25281000137, 9.81719303131
         0.35, -0.00307618686929, 0.274492681026, 0.229729101062, -81.2859802246, -288.106506348, 4657.11279297, -4.36475229263, 9.77814483643
        0.351, -0.00345385959372, 0.26431325078, 0.233926802874, -90.2297058105, -288.229156494, 4646.37451172, -4.46899652481,  9.7427482605
        0.352, -0.00378656224348, 0.254355698824, 0.237690523267, -100.137527466, -288.182037354, 4639.55712891, -4.56583690643, 9.71109390259
        0.353, -0.00407154904678, 0.244657874107, 0.241023302078, -110.784202576, -287.974334717, 4636.61523438, -4.65555810928, 9.68320274353
        0.354, -0.00430704373866, 0.235260859132, 0.24393093586, -121.946418762, -287.61541748, 4637.48095703, -4.73843765259,   9.659034729
        0.355, -0.00449221022427, 0.226207628846, 0.246422022581, -133.406433105, -287.114776611, 4642.06298828, -4.81474924088, 9.63850021362
        0.356, -0.00462712161243, 0.217553094029, 0.248508110642, -144.955307007, -286.482086182, 4650.24462891, -4.88476276398, 9.62146186829
        0.357, -0.00471274461597, 0.209394872189, 0.250205010176, -156.396377563, -285.727722168, 4661.87255859, -4.94876813889, 9.60772705078
        0.358, -0.00475084874779, 0.201858267188, 0.251534879208, -167.548233032, -284.863464355, 4676.73681641, -5.00711345673, 9.59704685211
        0.359, -0.00474388804287, 0.195069000125, 0.252526819706, -178.246826172, -283.902923584, 4694.57177734, -5.06022453308, 9.58912467957
         0.36, -0.00469488278031, 0.18912704289, 0.25321623683, -188.34664917, -282.86126709, 4715.06054688, -5.1086063385, 9.58362770081
        0.361, -0.00460729887709, 0.184082716703, 0.253643035889, -197.721191406, -281.754669189, 4737.85400391, -5.15282535553,  9.5802154541
        0.362, -0.00448490865529, 0.17989474535, 0.253848135471, -206.262451172, -280.599304199,  4762.6015625, -5.1934671402, 9.57856941223
        0.363, -0.00433175219223, 0.176461234689, 0.253868997097, -213.880142212, -279.409606934, 4788.98535156, -5.23106813431, 9.57841777802
        0.364, -0.00415214104578, 0.173678070307, 0.253737986088, -220.501831055, -278.197814941, 4816.73046875, -5.26609039307, 9.57952976227
        0.365, -0.00395061122254, 0.171462759376, 0.253483265638, -226.07359314, -276.974334717, 4845.59423828, -5.29893398285, 9.58170986176
        0.366, -0.0037318340037, 0.169746726751, 0.25312975049, -230.56036377, -275.74810791, 4875.36083984, -5.3299536705, 9.58478927612
        0.367, -0.00350053235888, 0.168470308185, 0.252699375153, -233.945785522, -274.526916504, 4905.83544922, -5.35946655273, 9.58862686157
        0.368, -0.00326140085235, 0.167580544949, 0.252211600542, -236.231750488, -273.317352295, 4936.84570312, -5.38775873184, 9.59310150146
        0.369, -0.00301902904175, 0.167029932141, 0.251683533192, -237.437759399, -272.125274658, 4968.23632812, -5.41508769989, 9.59811401367
         0.37, -0.00277783395723, 0.166775763035, 0.251130253077, -237.599884033, -270.955535889, 4999.86914062, -5.44168519974, 9.60358047485
        0.371, -0.00254199327901, 0.166779741645, 0.250564932823, -236.769592285, -269.812347412, 5031.62011719, -5.4677605629, 9.60943412781
        0.372, -0.0023153887596, 0.167007625103, 0.249999135733, -235.012359619, -268.699310303, 5063.38037109, -5.49350118637, 9.61562156677
        0.373, -0.00210155500099, 0.167428866029, 0.249442830682, -232.406097412, -267.619354248, 5095.05175781, -5.51907682419, 9.62209892273
        0.374, -0.00190363451838, 0.168016329408, 0.248904719949, -229.039413452, -266.574981689, 5126.54785156, -5.54463863373, 9.62883377075
        0.375, -0.00172434328124, 0.168745875359, 0.248392283916, -225.009765625, -265.568237305, 5157.79101562, -5.57032299042, 9.63580417633
        0.376, -0.00156594230793, 0.169596076012, 0.247911959887, -220.421554565, -264.600708008, 5188.71337891, -5.59625101089,   9.642993927
        0.377, -0.00143021927215, 0.170547887683, 0.247469246387, -215.384063721, -263.673706055, 5219.25488281, -5.62253093719,  9.6503944397
        0.378, -0.00131847767625, 0.171584323049, 0.247068807483, -210.009521484, -262.788208008, 5249.36181641, -5.64925909042, 9.65800380707
        0.379, -0.00123153533787, 0.172690138221, 0.246714547276, -204.41104126, -261.944885254, 5278.98730469, -5.6765203476, 9.66582393646
         0.38, -0.00116973079275, 0.173851653934, 0.246409714222, -198.700668335, -261.144195557, 5308.09033203, -5.70438861847, 9.67385959625
        0.381, -0.00113293738104, 0.175056472421, 0.246156960726, -192.987487793, -260.386352539, 5336.63476562, -5.73292827606, 9.68211936951
        0.382, -0.00112058536615, 0.176293328404, 0.245958372951, -187.375854492, -259.671356201, 5364.58984375, -5.76219367981, 9.69061279297
        0.383, -0.00113169080578, 0.177551969886, 0.245815545321, -181.963821411, -258.998962402,  5391.9296875, -5.79223203659, 9.69934844971
        0.384, -0.0011648896616, 0.178822994232, 0.245729640126, -176.841522217, -258.368804932, 5418.63134766, -5.82307958603, 9.70833492279
        0.385, -0.00121847831178, 0.180097848177, 0.245701342821, -172.090042114, -257.780303955, 5444.67675781, -5.85476589203, 9.71757698059
        0.386, -0.00129045802169, 0.181368663907, 0.245731040835, -167.780273438, -257.232727051, 5470.05126953, -5.8873128891, 9.72707557678
        0.387, -0.00137858313974, 0.182628631592, 0.245818689466, -163.971984863, -256.725158691, 5494.74316406, -5.92073440552, 9.73682975769
        0.388, -0.00148041243665, 0.183872625232, 0.245964035392, -160.713363647, -256.256622314, 5518.74365234, -5.95503854752, 9.74682998657
        0.389, -0.00159336044453, 0.185097023845, 0.246166586876, -158.040512085, -255.82598877, 5542.04589844, -5.99022817612, 9.75706195831
         0.39, -0.00171474984381, 0.186299443245, 0.246425703168, -155.977310181, -255.432052612, 5564.64453125, -6.02630233765, 9.76750469208
        0.391, -0.00184186175466, 0.187478512526, 0.246740683913, -154.53553772, -255.07359314, 5586.53564453, -6.06325817108, 9.77812957764
        0.392, -0.00197198684327, 0.188633680344, 0.247110784054, -153.715057373, -254.749313354, 5607.71533203, -6.10109043121, 9.78890228271
        0.393, -0.00210247235373, 0.189765051007, 0.24753524363, -153.50440979, -254.457946777, 5628.18115234, -6.13979291916, 9.79978179932
        0.394, -0.00223076716065, 0.190873175859, 0.248013302684, -153.881332397, -254.198181152, 5647.92919922, -6.1793589592,  9.8107213974
        0.395, -0.0023544637952, 0.191959038377, 0.248544275761, -154.813690186,    -253.96875, 5666.95751953, -6.21978139877, 9.82166862488
        0.396, -0.0024713340681, 0.193023875356, 0.24912750721, -156.260391235, -253.768356323, 5685.26269531, -6.26105308533, 9.83256626129
        0.397, -0.00257936329581, 0.194068953395, 0.249762430787, -158.17250061, -253.595779419, 5702.84179688, -6.30316877365, 9.84335422516
        0.398, -0.0026767749805, 0.195095092058, 0.25044849515, -160.494415283, -253.449768066, 5719.69140625, -6.34612226486, 9.85396766663
        0.399, -0.00276205409318, 0.196102678776, 0.251185208559, -163.165100098, -253.32913208, 5735.80859375, -6.38990783691, 9.86434268951
          0.4, -0.00283396430314, 0.197091817856, 0.251972109079, -166.119400024, -253.232650757, 5751.19042969, -6.43451786041, 9.87441253662
        0.401, -0.00289155729115, 0.198062315583, 0.252808719873, -169.289382935, -253.159164429, 5765.83447266, -6.47994565964, 9.88411140442
        0.402, -0.0029341802001, 0.199013724923, 0.253694564104, -172.605682373, -253.107498169, 5779.73828125, -6.52618169785, 9.89337253571
        0.403, -0.00296147400513, 0.199945434928, 0.25462910533, -175.998748779, -253.076446533, 5792.90039062, -6.57321691513,  9.9021320343
        0.404, -0.00297336862423, 0.200856640935, 0.25561183691, -179.40020752, -253.064880371, 5805.31982422, -6.62103891373, 9.91032886505
        0.405, -0.00297007313929, 0.201746419072, 0.256642222404, -182.743927002, -253.071624756, 5816.99609375, -6.66963386536,  9.9179019928
        0.406, -0.00295205949806, 0.202613666654, 0.257719576359, -185.967269897, -253.095550537,  5827.9296875, -6.71898651123, 9.92479515076
        0.407, -0.00292004481889, 0.203457221389, 0.258843302727, -189.011993408, -253.135513306, 5838.12158203, -6.76907920837, 9.93095684052
        0.408, -0.00287496764213, 0.204275816679, 0.260012626648, -191.825119019, -253.19039917, 5847.57373047, -6.81989145279, 9.93633556366
        0.409, -0.00281796231866, 0.205068096519, 0.261226803064, -194.359802246, -253.259063721, 5856.28808594, -6.87140130997,  9.9408864975
         0.41, -0.00275033060461, 0.205832660198, 0.262484997511, -196.575790405, -253.340423584, 5864.26953125, -6.92358350754, 9.94456768036
        0.411, -0.00267351139337, 0.206568032503, 0.263786256313,  -198.4400177, -253.433364868, 5871.52148438, -6.97641038895, 9.94734096527
        0.412, -0.00258904951625, 0.207272708416, 0.265129566193, -199.926834106, -253.536804199, 5878.04931641, -7.02985239029, 9.94917201996
        0.413, -0.00249856314622, 0.207945168018, 0.26651391387, -201.018249512, -253.649658203, 5883.86035156, -7.08387708664, 9.95003128052
        0.414, -0.00240371190012, 0.208583876491, 0.26793807745, -201.703857422, -253.770874023, 5888.96142578, -7.13844823837, 9.94989109039
        0.415, -0.00230616494082, 0.20918725431, 0.26940086484, -201.980819702, -253.899383545, 5893.36132812, -7.19352912903, 9.94872951508
        0.416, -0.00220757070929, 0.209753781557, 0.270900934935, -201.853561401, -254.03414917, 5897.06933594, -7.24907827377, 9.94652843475
        0.417, -0.00210952805355, 0.210281923413, 0.272436857224,  -201.3334198, -254.174118042, 5900.09570312, -7.3050532341, 9.94327163696
        0.418, -0.00201355945319, 0.210770204663, 0.274007111788, -200.438110352, -254.318267822, 5902.45263672, -7.36140871048, 9.93894863129
        0.419, -0.0019210864557, 0.211217164993, 0.275610148907, -199.191223145, -254.465576172, 5904.15283203, -7.41809606552, 9.93355083466
         0.42, -0.00183340825606, 0.211621403694, 0.277244240046, -197.621490479, -254.61505127, 5905.20898438, -7.47506666183, 9.92707538605
        0.421, -0.0017516836524, 0.211981624365, 0.278907597065, -195.762054443, -254.765686035, 5905.63720703, -7.53226661682, 9.91952133179
        0.422, -0.00167691579554, 0.212296560407, 0.280598402023, -193.649765015, -254.916488647, 5905.45263672, -7.58964347839, 9.91089057922
        0.423, -0.00160994066391, 0.21256506443, 0.282314658165, -191.32421875, -255.066482544, 5904.67236328, -7.64714002609, 9.90119075775
        0.424, -0.00155141879804, 0.212786093354, 0.284054338932, -188.827041626, -255.214706421, 5903.31396484, -7.7046995163, 9.89043045044
        0.425, -0.00150183145888, 0.212958678603, 0.28581532836, -186.20098877, -255.360183716, 5901.39599609, -7.7622628212, 9.87862300873
        0.426, -0.00146147864871, 0.213082015514, 0.287595421076, -183.489105225, -255.501998901, 5898.93798828, -7.81976938248, 9.86578273773
        0.427, -0.00143048260361, 0.213155433536, 0.289392381907, -180.733978271, -255.639190674,  5895.9609375, -7.87715864182, 9.85192680359
        0.428, -0.00140879233368, 0.213178366423, 0.291203856468, -177.97694397, -255.770858765, 5892.48535156, -7.93436813354, 9.83707523346
        0.429, -0.00139619258698, 0.213150426745, 0.293027490377, -175.257354736, -255.896087646, 5888.53320312, -7.99133634567, 9.82125091553
         0.43, -0.00139231502544, 0.213071390986, 0.294860780239, -172.612014771, -256.013977051, 5884.12695312, -8.04800033569, 9.80447483063
        0.431, -0.00139665137976, 0.21294118464, 0.296701282263, -170.074584961, -256.123657227, 5879.29003906, -8.10429763794, 9.78677272797
        0.432, -0.00140856939834, 0.212759912014, 0.298546463251, -167.675079346, -256.224273682, 5874.04541016, -8.16016578674,  9.7681684494
        0.433, -0.00142732926179, 0.212527856231, 0.300393760204, -165.43951416, -256.314941406, 5868.41699219, -8.21554374695, 9.74868869781
        0.434, -0.00145210244227, 0.212245479226, 0.302240610123, -163.389572144, -256.394927979,  5862.4296875, -8.2703704834, 9.72835826874
        0.435, -0.001481990912, 0.21191342175, 0.304084420204, -161.542449951, -256.463378906, 5856.10693359, -8.32458686829, 9.70720291138
        0.436, -0.00151604623534, 0.21153254807, 0.305922627449, -159.910705566, -256.51953125, 5849.47363281, -8.37813282013, 9.68524742126
        0.437, -0.00155328970868, 0.211103871465, 0.307752639055, -158.502227783, -256.562652588, 5842.55371094, -8.43095302582, 9.66251754761
        0.438, -0.00159273168538, 0.21062861383, 0.309571921825, -157.320358276, -256.592041016, 5835.37255859, -8.48299217224, 9.63903713226
        0.439, -0.00163339020219, 0.210108205676, 0.311377972364, -156.363998413, -256.607025146,   5827.953125, -8.53419685364, 9.61482810974
         0.44, -0.00167430844158, 0.209544241428, 0.31316831708, -155.627822876, -256.606933594, 5820.31982422, -8.58451652527, 9.58991336823
        0.441, -0.00171457172837, 0.208938539028, 0.314940541983, -155.102630615, -256.591247559, 5812.49560547, -8.63390254974,  9.5643157959
        0.442, -0.00175476050936, 0.20829193294, 0.316692352295, -154.770401001, -256.559387207, 5804.50341797, -8.68231201172,  9.5380525589
        0.443, -0.00181002146564, 0.207601979375, 0.318421244621, -154.650299072, -256.51083374, 5796.36474609, -8.72969245911, 9.51115703583
        0.444, -0.00188208569307, 0.206885024905, 0.320124804974, -154.833023071,  -256.4453125, 5788.09912109, -8.77599143982, 9.48369598389
        0.445, -0.00197214097716, 0.206152722239, 0.321801960468, -155.359176636, -256.363098145, 5779.72509766, -8.82119846344, 9.45573043823
        0.446, -0.00208416744135, 0.205405160785, 0.323451638222, -156.304275513, -256.26461792, 5771.26220703, -8.86530208588, 9.42734050751
        0.447, -0.00222023343667, 0.204640462995, 0.325072586536, -157.758636475, -256.150177002, 5762.72900391, -8.90828609467, 9.39861011505
        0.448, -0.00237901275977, 0.203861176968, 0.32666349411, -159.809814453, -256.020172119, 5754.14355469, -8.95013427734, 9.36962032318
        0.449, -0.00255657965317, 0.203070670366, 0.328223377466, -162.520965576, -255.875015259, 5745.52441406, -8.99084091187, 9.34043979645
         0.45, -0.00274379714392, 0.202275678515, 0.329751312733, -165.938812256, -255.715103149, 5736.88867188, -9.03040218353, 9.31113147736
        0.451, -0.00292946211994, 0.201483979821, 0.331246823072, -170.056167603, -255.540893555, 5728.25488281, -9.06882762909,  9.2817325592
        0.452, -0.00310086342506, 0.20070296526, 0.332709789276, -174.814239502, -255.352874756, 5719.63867188, -9.10614299774,  9.2522611618
        0.453, -0.0032440922223, 0.199939399958, 0.334140509367, -180.098678589, -255.151535034, 5711.05664062, -9.14238357544, 9.22270965576
        0.454, -0.00334996567108, 0.199193775654, 0.33553943038, -185.745697021, -254.937301636, 5702.52441406, -9.17759037018,  9.1930513382
        0.455, -0.00341023807414, 0.198470041156, 0.336907237768, -191.561187744, -254.710601807, 5694.05712891, -9.21181488037, 9.16324710846
        0.456, -0.00338441506028, 0.197804331779, 0.338245153427, -197.285888672, -254.471878052, 5685.66796875, -9.24512195587, 9.13323783875
        0.457, -0.00326846702956, 0.197186306119, 0.33955603838, -202.505508423, -254.222000122, 5677.37207031, -9.27762794495, 9.10292243958
        0.458, -0.00305682746693, 0.196611478925, 0.340841859579, -206.841522217, -253.961425781, 5669.18457031, -9.30942821503, 9.07221126556
        0.459, -0.0027477061376, 0.196071401238, 0.342104375362, -209.90562439, -253.690490723, 5661.12158203, -9.3406085968, 9.04100799561
         0.46, -0.00234104576521, 0.195557504892, 0.343344986439, -211.322372437, -253.409332275, 5653.19873047, -9.37124919891, 9.00921535492
        0.461, -0.00183833902702, 0.195062294602, 0.344564676285, -210.733001709, -253.117889404, 5645.43310547, -9.40141677856, 8.97673034668
        0.462, -0.00124573579524, 0.194577470422, 0.345764130354, -207.805419922, -252.815963745, 5637.83935547, -9.43116569519, 8.94344234467
        0.463, -0.000574646750465, 0.194094985723, 0.346943676472, -202.258758545, -252.503189087, 5630.43115234, -9.46053886414, 8.90923690796
        0.464, 0.000159635179443, 0.193608909845, 0.348103314638,  -193.8722229, -252.179199219, 5623.22167969, -9.48956775665,  8.8739938736
        0.465, 0.000936986645684, 0.193114906549, 0.34924274683, -182.518692017, -251.843566895, 5616.21972656, -9.51826858521, 8.83759784698
        0.466, 0.00173213542439, 0.192608475685, 0.350361615419, -168.162384033, -251.496047974, 5609.43408203, -9.54665279388,  8.7999458313
        0.467, 0.00251542171463, 0.192085176706, 0.351459264755, -150.893875122, -251.136459351, 5602.86962891, -9.57471466064, 8.76096153259
        0.468, 0.00325498287566, 0.191541016102, 0.352534860373, -130.929977417, -250.764892578, 5596.53076172, -9.60243988037, 8.72061538696
        0.469, 0.0039170300588, 0.190970599651, 0.353587269783, -108.621459961, -250.381668091, 5590.41943359, -9.62979888916, 8.67893695831
         0.47, 0.00447474326938, 0.190374210477, 0.354615181684, -84.4434661865, -249.98739624, 5584.53613281, -9.65675163269, 8.63603973389
        0.471, 0.00490592326969, 0.189752072096, 0.355617254972, -58.9556541443, -249.583053589, 5578.88085938, -9.68325233459, 8.59211730957
        0.472, 0.00519502256066, 0.189105540514, 0.356592208147, -32.7812385559, -249.169921875, 5573.45166016, -9.70925235748, 8.54745101929
        0.473, 0.00533331837505, 0.188437208533, 0.357538640499, -6.57306098938, -248.749511719, 5568.24755859, -9.73469829559, 8.50240039825
        0.474, 0.0053206756711, 0.187753468752, 0.358455359936, 19.0180740356, -248.323547363, 5563.26513672, -9.75953769684, 8.45738697052
        0.475, 0.00515969423577, 0.187059015036, 0.359341472387, 43.3749351501, -247.893951416, 5558.49902344, -9.78372192383,  8.4128704071
        0.476, 0.00485718296841, 0.186359405518, 0.360196143389, 65.9196014404, -247.462646484, 5553.94433594, -9.80720710754, 8.36933422089
        0.477, 0.00442332960665, 0.185660794377, 0.361018836498, 86.1314926147, -247.03163147,    5549.59375, -9.82995223999, 8.32725906372
        0.478, 0.00387078570202, 0.184969633818, 0.361809283495, 103.557441711, -246.602798462, 5545.43896484, -9.85192394257, 8.28710079193
        0.479, 0.00321373227052, 0.184292331338, 0.362567484379, 117.817604065, -246.177932739, 5541.46972656, -9.87309646606, 8.24926662445
         0.48, 0.00246700667776, 0.183634892106, 0.363293796778, 128.607284546, -245.75869751, 5537.67529297, -9.89345264435, 8.21410274506
        0.481, 0.00164539110847, 0.183002695441, 0.363988757133, 135.695205688,  -245.3465271, 5534.04443359, -9.91298389435, 8.18187618256
        0.482, 0.000763562798966, 0.18240018189, 0.364653259516, 138.919662476, -244.942672729, 5530.56494141, -9.93169116974, 8.15277290344
        0.483, -0.00016341873561, 0.181830883026, 0.365288287401, 138.186660767, -244.548110962, 5527.22460938, -9.94958114624,  8.1268901825
        0.484, -0.00111994484905, 0.181297242641, 0.365895062685, 133.469711304, -244.163543701, 5524.01171875, -9.96667194366, 8.10423183441
        0.485, -0.00208977353759, 0.18080073595, 0.366474956274, 124.810279846, -243.789398193, 5520.91503906, -9.98298549652, 8.08471107483
        0.486, -0.00305608008057, 0.180341869593, 0.367029309273, 112.318351746, -243.42578125, 5517.92382812, -9.99855041504,   8.068151474
        0.487, -0.00400165421888, 0.179920315742, 0.367559581995, 96.1726226807, -243.072509766, 5515.02929688, -10.0134010315, 8.05429553986
        0.488, -0.00490922480822, 0.179535001516, 0.36806717515, 76.6195983887, -242.729064941, 5512.22314453, -10.0275745392, 8.04281330109
        0.489, -0.00576057005674,  0.1791857481, 0.368553489447, 53.9710884094, -242.394668579, 5509.49755859, -10.0411109924, 8.03331851959
         0.49, -0.00653929170221, 0.178869381547, 0.369019955397, 28.6097774506, -242.068344116, 5506.84667969, -10.0540561676, 8.02538204193
        0.491, -0.00722918985412, 0.178583562374, 0.369467824697, 0.970239162445, -241.748886108, 5504.26513672, -10.0664510727, 8.01855373383
        0.492, -0.00781570933759, 0.178325325251, 0.36989825964, -28.4560413361, -241.434921265, 5501.74902344, -10.0783405304, 8.01237869263
        0.493, -0.00828641001135, 0.178091689944, 0.370312273502, -59.1420783997, -241.124984741, 5499.29345703, -10.0897607803, 8.00642490387
        0.494, -0.00863205455244, 0.177879169583, 0.370710849762, -90.5242919922, -240.817596436, 5496.89501953, -10.1007509232, 8.00029087067
        0.495, -0.00884826481342, 0.177681952715, 0.371094703674, -122.03238678, -240.511306763, 5494.55029297, -10.1113395691, 7.99363040924
        0.496, -0.0089317439124, 0.177497163415, 0.371464401484, -153.098052979, -240.204681396, 5492.25585938, -10.1215524673, 7.98616027832
        0.497, -0.00888368766755, 0.177320688963, 0.371820360422, -183.170913696, -239.896392822, 5490.00683594, -10.1314048767, 7.97766399384
        0.498, -0.00870283599943, 0.177154347301, 0.372162848711, -211.731369019, -239.585281372, 5487.79833984, -10.1409072876, 7.96799182892
        0.499, -0.00840197503567, 0.176987618208, 0.372492402792, -238.260345459, -239.270385742, 5485.62597656, -10.1500768661, 7.95704603195
          0.5, -0.00799827091396, 0.176814213395, 0.372808724642, -262.374847412, -238.950759888, 5483.48291016, -10.1588993073, 7.94480657578
        0.501, -0.00750318681821, 0.176601588726, 0.373111128807, -283.744445801, -238.625442505, 5481.36230469, -10.1673488617, 7.93128442764
        0.502, -0.00693046348169, 0.176306664944,  0.3733959198, -302.107452393, -238.292144775, 5479.25390625, -10.1753053665, 7.91647386551
        0.503, -0.00629352591932, 0.175963252783, 0.373659282923, -317.269897461, -237.948638916,   5477.140625, -10.1826324463, 7.90037488937
        0.504, -0.00560618005693, 0.175604790449, 0.373899757862, -329.101928711, -237.593856812, 5475.00292969, -10.1892557144, 7.88301992416
        0.505, -0.00488258898258, 0.175249606371, 0.374117344618, -337.53704834, -237.227539062, 5472.81982422, -10.1951408386, 7.86445951462
        0.506, -0.00413699727505, 0.174905732274, 0.374312788248, -342.570709229, -236.849853516, 5470.57226562, -10.2002706528, 7.84474372864
        0.507, -0.00338341854513, 0.174576058984, 0.374487012625, -344.257751465, -236.461151123, 5468.24023438, -10.2046394348, 7.82391548157
        0.508, -0.00263537932187, 0.174260988832, 0.374641031027, -342.708496094, -236.061859131, 5465.80615234, -10.2082443237, 7.80200815201
        0.509, -0.00190570380073, 0.173959031701, 0.37477594614, -338.084625244, -235.652511597, 5463.25341797, -10.2110834122, 7.77904510498
         0.51, -0.00120632292237, 0.173667490482, 0.37489259243, -330.593933105, -235.233627319, 5460.56689453, -10.2131528854, 7.75504255295
        0.511, -0.000548104115296, 0.173383161426, 0.374991714954, -320.485076904, -234.805709839, 5457.73242188, -10.2144470215, 7.73001289368
        0.512, 5.93125041632e-05, 0.173103615642, 0.37507390976, -308.041534424, -234.369262695, 5454.73730469, -10.2149553299, 7.70397043228
        0.513, 0.000607632333413, 0.172827139497, 0.375139564276, -293.575164795, -233.924804688, 5451.56884766, -10.2146663666, 7.67693710327
        0.514, 0.00108999141958, 0.172552555799, 0.375189036131, -277.419677734, -233.472885132, 5448.21728516, -10.2135648727,  7.6489481926
        0.515, 0.00150101364125, 0.172279119492, 0.375222563744, -259.923950195, -233.01411438, 5444.67138672, -10.2116355896, 7.62005710602
        0.516, 0.00183684029616, 0.172006353736, 0.375240296125, -241.444992065, -232.549133301, 5440.92333984, -10.208864212, 7.59033679962
        0.517, 0.00209513050504, 0.171733960509, 0.37524241209, -222.341583252, -232.078659058, 5436.96435547, -10.2052345276,   7.559882164
        0.518, 0.00227503525093, 0.171461820602, 0.375228941441, -202.967544556, -231.603439331, 5432.78808594, -10.2007293701, 7.52880954742
        0.519, 0.00237714569084, 0.171189904213, 0.375199943781, -183.665618896, -231.124221802, 5428.38818359, -10.1953344345, 7.49725389481
         0.52, 0.00240341830067, 0.170918211341, 0.375155419111, -164.761764526, -230.641799927, 5423.75927734, -10.189034462, 7.46536636353
        0.521, 0.00235707731918, 0.170646727085, 0.375095337629, -146.559967041, -230.156982422, 5418.89794922, -10.1818141937, 7.43330812454
        0.522, 0.0022424980998, 0.170375436544, 0.375019609928, -129.337554932, -229.670516968, 5413.80029297, -10.1736621857, 7.40124464035
        0.523, 0.00206507206894, 0.17010422051, 0.374928116798, -113.341499329, -229.183105469, 5408.46484375,  -10.16456604, 7.36934089661
        0.524, 0.00183106365148, 0.169832870364, 0.374820768833, -98.7851409912, -228.69543457, 5402.89013672, -10.1545133591, 7.33775472641
        0.525, 0.00154745415784, 0.16956114769, 0.374697327614, -85.8459854126, -228.208053589, 5397.07470703, -10.1434965134, 7.30662965775
        0.526, 0.00122178264428, 0.169288724661, 0.374557644129,   -74.6640625, -227.721420288, 5391.02001953, -10.1315059662, 7.27609157562
        0.527, 0.000861983106006, 0.169015273452, 0.374401420355, -65.3412322998, -227.235900879, 5384.72607422, -10.1185359955, 7.24624204636
        0.528, 0.000476221990539, 0.168740406632, 0.374228417873, -57.9411239624, -226.751724243,  5378.1953125, -10.1045808792, 7.21715831757
        0.529, 7.2739116149e-05, 0.168463721871, 0.374038338661, -52.489818573, -226.268966675, 5371.42919922, -10.0896368027,  7.1888885498
         0.53, -0.000340304686688, 0.168184816837, 0.373830854893, -48.9772262573, -225.787628174, 5364.43066406, -10.0736999512,  7.1614522934
        0.531, -0.000754971581046, 0.167903274298, 0.37360560894, -47.3589935303, -225.307540894,   5357.203125, -10.0567712784, 7.13484144211
        0.532, -0.00116367929149, 0.167618662119, 0.373362272978, -47.5589904785, -224.828445435,       5349.75, -10.038848877, 7.10902166367
        0.533, -0.0015593203716, 0.16733057797, 0.373100429773, -49.4722099304, -224.349960327, 5342.07519531, -10.0199356079, 7.08393526077
        0.534, -0.00193536817096, 0.167038634419, 0.372819721699, -52.9680862427, -223.871643066, 5334.18261719, -10.0000324249, 7.05950260162
        0.535, -0.00228596595116, 0.166742414236, 0.372519791126, -57.8940963745, -223.392929077, 5326.07666016, -9.9791431427, 7.03563022614
        0.536, -0.0026060002856, 0.166441559792, 0.372200161219, -64.0795669556, -222.913238525, 5317.76171875, -9.95727157593, 7.01221084595
        0.537, -0.00289115682244, 0.16613574326, 0.37186050415, -71.3396835327, -222.431915283, 5309.24267578, -9.93442249298, 6.98913049698
        0.538, -0.00313795893453, 0.165824651718, 0.371500402689, -79.4794845581, -221.948318481,  5300.5234375, -9.91060066223, 6.96627140045
        0.539, -0.00334379007109, 0.16550797224,  0.3711194098, -88.2979507446, -221.461730957, 5291.60888672, -9.88581180573, 6.94351530075
         0.54, -0.00350689771585, 0.16518548131, 0.370717227459, -97.5919113159,  -220.9715271, 5282.50390625, -9.86005973816, 6.92074966431
        0.541, -0.00362638290972, 0.16485697031, 0.37029337883, -107.159851074, -220.477035522, 5273.21289062, -9.83335208893, 6.89786624908
        0.542, -0.00370217463933, 0.164522260427, 0.369847565889, -116.805511475, -219.977661133, 5263.73974609, -9.8056936264, 6.87476730347
        0.543, -0.00373498979025, 0.16418120265, 0.369379401207, -126.341171265, -219.472808838, 5254.08935547, -9.77708911896, 6.85136508942
        0.544, -0.00372628052719, 0.163833752275, 0.368888527155, -135.590667725, -218.961959839,   5244.265625, -9.74754619598, 6.82758283615
        0.545, -0.00367818702944, 0.163481280208, 0.368374615908, -144.391967773, -218.444656372, 5234.27246094, -9.71706962585, 6.80335664749
